temperature,Q,Qdif,Qtwice_dif
200.0,97.41893933089254,144.39594243866148,361.24030382688
201.0,98.14182396680101,145.48156481008755,363.97301449069755
202.0,98.86651573643177,146.56998513294263,366.713165591285
203.0,99.59301059694221,147.66119870949726,369.4607567598456
204.0,100.32130454222923,148.75520093341194,372.21578806905666
205.0,101.05139360265807,149.85198728965426,374.9782600321949
206.0,101.78327384479643,150.95155335442328,377.7481736021235
207.0,102.51694137115287,152.0538947950627,380.52553017017084
208.0,103.25239231992612,153.15900736997887,383.3103315648804
209.0,103.9896228647544,154.26688692854842,386.1025800506596
210.0,104.72862921447351,155.37752941102474,388.9022783262843
211.0,105.46940761288042,156.49093084844284,391.70942952331706
212.0,106.21195433850016,157.6070873625091,394.52403720437803
213.0,106.95626570435745,158.72599516549633,397.346105361327
214.0,107.70233805775713,159.8476505601314,400.1756384133237
215.0,108.45016778006394,160.9720499394691,403.01264120476304
216.0,109.19975128648979,162.0991897867683,405.8571190031242
217.0,109.9510850258848,163.22906667535747,408.70907749669243
218.0,110.7041654805326,164.36167726849231,411.5685227921811
219.0,111.45898916595021,165.49701831921087,414.4354614122443
220.0,112.21555263068933,166.6350866701734,417.30990029289313
221.0,112.97385245614393,167.77587925350343,420.19184678080507
222.0,113.7338852563622,168.91939309061206,423.08130863053503
223.0,114.49564767785793,170.0656252920227,425.9782940016295
224.0,115.25913639942885,171.214573057183,428.88281145564423
225.0,116.02434813197829,172.3662336742637,431.79486995307576
226.0,116.79127961833662,173.52060451995806,434.7144788501861
227.0,117.55992763308858,174.67768305927268,437.6416478957656
228.0,118.33028898240265,175.83746684529282,440.57638722778006
229.0,119.1023605038649,176.99995351896425,443.51870736995846
230.0,119.8761390663098,178.16514080884488,446.468619228288
231.0,120.65162156966127,179.3330265308611,449.4261340874274
232.0,121.42880494477043,180.5036085880403,452.39126360705916
233.0,122.20768615325714,181.67688497025478,455.36401981815595
234.0,122.98826218735647,182.85285375393593,458.3444151191784
235.0,123.77053006976307,184.03151310179183,461.3324622722003
236.0,124.5544868534801,185.2128612625114,464.32817439899156
237.0,125.34012962166936,186.3968965704597,467.33156497700315
238.0,126.12745548750324,187.58361744536202,470.3426478353195
239.0,126.91646159402012,188.77302239198596,473.3614371505466
240.0,127.70714511397833,189.96510999980242,476.3879474426322
241.0,128.4995032497125,191.15987894264805,479.42219357065636
242.0,129.29353323299603,192.35732797837522,482.464190728548
243.0,130.08923232489656,193.5574559484902,485.5139544407799
244.0,130.88659781564132,194.76026177778562,488.57150055800207
245.0,131.6856270244782,195.96574447396472,491.6368452526379
246.0,132.48631729953888,197.1739031272518,494.7100050144431
247.0,133.288666017707,198.3847369100002,497.7909966460272
248.0,134.0926705844817,199.5982450762886,500.8798372583481
249.0,134.8983284338464,200.81442696150748,503.97654426615964
250.0,135.7056370281377,202.03328198193896,507.0811353834518
251.0,136.51459385791182,203.25480963433566,510.1936286188434
252.0,137.3251964418198,204.4790094954703,513.3140422709743
253.0,138.13744232647358,205.70588122170312,516.4423949238512
254.0,138.95132908632118,206.93542454852337,519.5787054422088
255.0,139.76685432351738,208.16763929009485,522.7229929668135
256.0,140.58401566779906,209.4025253387826,525.8752769097808
257.0,141.4028107763539,210.6400826646821,529.0355769498892
258.0,142.22323733370243,211.88031131513372,532.2039130278536
259.0,143.04529305156666,213.12321141423928,535.3803053416285
260.0,143.8689756687505,214.36878316236087,538.5647743416685
261.0,144.69428295101068,215.61702683562007,541.7573407262323
262.0,145.5212126909371,216.8679427853907,544.9580254366335
263.0,146.34976270782713,218.12153143778002,548.1668496525514
264.0,147.17993084756552,219.37779329311047,551.3838347872913
265.0,148.01171498250096,220.63672892539103,554.6090024830935
266.0,148.84511301132014,221.8983389817826,557.8423746064271
267.0,149.68012285893403,223.16262418206065,561.0839732433021
268.0,150.51674247634608,224.4295853180715,564.3338206946033
269.0,151.35496984053904,225.69922325318012,567.5919394714051
270.0,152.19480295435147,226.97153892171966,570.8583522903479
271.0,153.0362398463529,228.24653332842846,574.133082069008
272.0,153.8792785707293,229.52420754788488,577.4161519212674
273.0,154.72391720715814,230.80456272394696,580.7075851527642
274.0,155.57015386068707,232.0876000691688,584.0074052562935
275.0,156.41798666161802,233.3733208642323,587.3156359072882
276.0,157.26741376538328,234.66172645736208,590.6323009593044
277.0,158.11843335242477,235.9528182637425,593.9574244395294
278.0,158.9710436280757,237.24659776493087,597.291030544329
279.0,159.8252428224386,238.54306650826356,600.6331436348277
280.0,160.6810291902674,239.8422261062649,603.9837882325194
281.0,161.53840101084356,241.14407823605043,607.3429890148775
282.0,162.39735658786313,242.4486246387252,610.7107708110836
283.0,163.2578942493058,243.75586711877838,614.0871585976804
284.0,164.12001234732313,245.06580754348897,617.4721774943647
285.0,164.98370925811562,246.37844784230828,620.8658527597529
286.0,165.8489833818146,247.693790006259,624.2682097872157
287.0,166.71583314235613,249.01183608731583,627.6792741007339
288.0,167.58425698736764,250.33258819780724,631.0990713508261
289.0,168.45425338804432,251.65604850979162,634.527627310469
290.0,169.32582083902614,252.98221925444378,637.9649678711338
291.0,170.19895785828535,254.3111027214431,641.4111190387811
292.0,171.07366298699588,255.64270125835472,644.8661069299735
293.0,171.94993478942058,256.9770172700131,648.3299577679978
294.0,172.82777185278812,258.31405321790794,651.8026978790487
295.0,173.7071727871714,259.65381161955946,655.2843536884321
296.0,174.58813622536925,260.9962950479095,658.7749517168552
297.0,175.47066082278084,262.3415061306846,662.2745185767569
298.0,176.35474525729254,263.68944754981084,665.7830809686592
299.0,177.2403882291499,265.0401220407659,669.3006656775935
300.0,178.1275884608416,266.39353239197527,672.8272995695743
301.0,179.01634469697342,267.74968144419574,676.3630095881334
302.0,179.90665570415655,269.10857208989813,679.9078227508729
303.0,180.79852027087497,270.47020727265595,683.4617661461206
304.0,181.69193720737397,271.8345899865254,687.0248669295698
305.0,182.586905345533,273.20172327544077,690.5971523210525
306.0,183.48342353875015,274.57161023259647,694.1786496012962
307.0,184.38149066181205,275.94425399984874,697.769386108775
308.0,185.28110561078506,277.3196577670949,701.3693892366098
309.0,186.18226730288563,278.6978247716771,704.978686429481
310.0,187.08497467635877,280.078758297773,708.597305180673
311.0,187.98922669036395,281.46246167580085,712.2252730290979
312.0,188.89502232484688,282.8489382818162,715.8626175564201
313.0,189.80236058042283,284.2381915369134,719.5093663842009
314.0,190.71124047825495,285.6302249066265,723.1655471711447
315.0,191.6216610599284,287.0250419003602,726.8311876103496
316.0,192.53362138733948,288.42264607076146,730.5063154266458
317.0,193.4471205425641,289.8230410131737,734.1909583739775
318.0,194.36215762774526,291.22623036502847,737.8851442328152
319.0,195.27873176496684,292.63221780526766,741.5889008076958
320.0,196.1968420961361,294.04100705377635,745.3022559247273
321.0,197.1164877828613,295.4526018707959,749.0252374292073
322.0,198.03766800633136,296.8670060563646,752.7578731832663
323.0,198.96038196719846,298.28422344974297,756.5001910635807
324.0,199.88462888545197,299.7042579288523,760.2522189591599
325.0,200.8104080003051,301.1271134097131,764.0139847691217
326.0,201.7377185700691,302.55279384588994,767.7855164005854
327.0,202.66655987203737,303.9813032279379,771.5668417666016
328.0,203.5969312023655,305.412645582858,775.3579887841012
329.0,204.52883187594497,306.84682497353987,779.1589853719706
330.0,205.46226122629537,308.2838454982352,782.9698594490794
331.0,206.39721860543716,309.72371129001465,786.790638932456
332.0,207.3337033837724,311.1664265162329,790.6213517354536
333.0,208.2717149499702,312.61199537800235,794.4620257660064
334.0,209.21125271084634,314.06042210967144,798.312688924882
335.0,210.15231609124177,315.51171097830166,802.1733691040797
336.0,211.09490453391066,316.9658662831548,806.044094185162
337.0,212.0390174993957,318.422892355169,809.9248920377203
338.0,212.98465446591453,319.8827935564826,813.8157905178879
339.0,213.93181492924384,321.34557427989586,817.7168174668274
340.0,214.8804984025947,322.81123894839885,821.6280007093754
341.0,215.83070441650403,324.279792014674,825.5493680526379
342.0,216.78243251871422,325.75123796059836,829.4809472846918
343.0,217.73568227405335,327.2255812967705,833.422766173326
344.0,218.69045326432914,328.70282656203113,837.3748524648018
345.0,219.64674508820067,330.1829783229878,841.3372338826839
346.0,220.6045573610714,331.6660411735461,845.3099381267416
347.0,221.56388971497128,333.1520197344442,849.2929928718029
348.0,222.52474179844182,334.64091865279886,853.286425766784
349.0,223.4871132764243,336.1327426016515,857.2902644336627
350.0,224.45100383013803,337.62749627951496,861.3045364665321
351.0,225.41641315697825,339.1251844099335,865.3292694306891
352.0,226.38334097039186,340.62581174104383,869.3644908618005
353.0,227.35178699976888,342.1293830451402,873.4102282650526
354.0,228.32175099033057,343.6359031182477,877.4665091143788
355.0,229.29323270301794,345.14537677969673,881.5333608517349
356.0,230.2662319143779,346.6578088717114,885.6108108863973
357.0,231.24074841644878,348.1732042589832,889.6988865942925
358.0,232.21678201665435,349.69156782827866,893.7976153174154
359.0,233.19433253769327,351.21290448802216,897.9070243632109
360.0,234.17339981742418,352.73721916791334,902.0271410040585
361.0,235.15398370876156,354.26451681852063,906.1579924767731
362.0,236.13608407956033,355.79480241090334,910.2996059821257
363.0,237.11970081251212,357.3280809362255,914.4520086844365
364.0,238.10483380503462,358.86435740537723,918.6152277111561
365.0,239.0914829691617,360.40363684861137,922.7892901525452
366.0,240.0796482314429,361.94592431517015,926.9742230613259
367.0,241.06932953282606,363.491224872919,931.1700534524094
368.0,242.06052682855972,365.0395436079994,935.3768083026364
369.0,243.05324008808032,366.5908856244772,939.5945145505655
370.0,244.04746929491307,368.1452560439933,943.8231990962839
371.0,245.04321444656222,369.7026600054228,948.0628888012478
372.0,246.04047555440775,371.26310266453834,952.3136104881667
373.0,247.03925264360012,372.826589193683,956.5753909409051
374.0,248.03954575295856,374.39312478144734,960.848256904439
375.0,249.04135493487067,375.96271463233467,965.1322350847812
376.0,250.0446802551812,377.53536396646825,969.4273521490474
377.0,251.0495217930997,379.1110780192602,973.7336347253873
378.0,252.0558796410907,380.68986204112053,978.0511094031451
379.0,253.06375390478237,382.2717212971465,982.3798027328615
380.0,254.07314470285425,383.8566610668362,986.7197412264007
381.0,255.084052166953,385.44468664379076,991.0709513571045
382.0,256.09647644157246,387.03580333543675,995.4334595599263
383.0,257.11041768397666,388.6300164627363,999.8072922316551
384.0,258.12587606408704,390.22733135991984,1004.1924757310662
385.0,259.1428517643907,391.8277533742149,1008.589036379205
386.0,260.1613449798362,393.43128786557435,1012.9970004596091
387.0,261.1813559177551,395.03794020642187,1017.4163942186319
388.0,262.202884797742,396.6477157813896,1021.8472438656803
389.0,263.2259318515778,398.2606199870712,1026.2895755736026
390.0,264.25049732312664,399.87665823177423,1030.743415479004
391.0,265.2765814682446,401.49583593528286,1035.2087896826083
392.0,266.3041845546852,403.11815852860263,1039.6857242496537
393.0,267.3333068620042,404.743631453755,1044.1742452103024
394.0,268.363948681473,406.3722601635257,1048.6743785600179
395.0,269.3961103159803,408.00405012125725,1053.186150260111
396.0,270.429792079945,409.6390068006154,1057.7095862381
397.0,271.4649942992269,411.27713568538417,1062.244712388223
398.0,272.50171731103256,412.91844226925724,1066.7915545719666
399.0,273.53996146382883,414.56293205562883,1071.3501386185462
400.0,274.5797271172547,416.2106105573857,1075.920490325412
401.0,275.62101464202783,417.86148329672795,1080.5026354588622
402.0,276.66382441986553,419.51555580495886,1085.0965997545443
403.0,277.70815684339385,421.1728336223003,1089.702408918042
404.0,278.7540123160552,422.8333222977181,1094.320088625485
405.0,279.8013912520347,424.497027388731,1098.9496645241275
406.0,280.8502940761681,426.16395446124096,1103.591162232973
407.0,281.90072122385493,427.8341090893608,1108.244607343394
408.0,282.9526731409788,429.50749685524363,1112.9100254197833
409.0,284.00615028382845,431.1841233489275,1117.587442000228
410.0,285.06115311900106,432.8639941681602,1122.2768825971061
411.0,286.1176821233399,434.54711491826515,1126.9783726978403
412.0,287.17573778383667,436.2334912119656,1131.6919377655306
413.0,288.235320597554,437.9231286692642,1136.4176032396567
414.0,289.29643107155624,439.6160329172734,1141.1553945368132
415.0,290.3590697228153,441.312209590087,1145.905337051394
416.0,291.4232370781387,443.01166432864767,1150.667456156342
417.0,292.48893367409795,444.7144027806045,1155.441777203828
418.0,293.5561600569386,446.4204306002022,1160.2283255260702
419.0,294.624916782507,448.1297534481192,1165.0271264360185
420.0,295.69520441617954,449.84237699138873,1169.838205228131
421.0,296.767023532785,451.5583069032555,1174.6615871791607
422.0,297.8403747165217,453.2775488630658,1179.4972975488452
423.0,298.9152585608978,455.00010855616085,1184.3453615808025
424.0,299.9916756686385,456.72599167375694,1189.2058045032163
425.0,301.0696266516288,458.45520391285726,1194.0786515296568
426.0,302.14911213083946,460.18775097613513,1198.9639278598695
427.0,303.23013273624264,461.923638571851,1203.8616586805779
428.0,304.31268910675345,463.66287241374613,1208.7718691662594
429.0,305.3967818901534,465.40545822095646,1213.694584479992
430.0,306.48241174302063,467.15140171791586,1218.6298297742321
431.0,307.5695793306644,468.9007086342894,1223.5776301916349
432.0,308.6582853270456,470.6533847048717,1228.5380108658605
433.0,309.74853041472215,472.4094356695241,1233.5109969224466
434.0,310.84031528477647,474.1688672730798,1238.4966134795288
435.0,311.93364063673675,475.93168526529035,1243.494885648768
436.0,313.0285071785339,477.6978954007378,1248.50583853608
437.0,314.12491562641145,479.46750343878057,1253.5294972425907
438.0,315.2228667048789,481.2405151434846,1258.5658868653386
439.0,316.322361146632,483.0169362835521,1263.6150324981263
440.0,317.42339969250116,484.79677263229075,1268.6769592324429
441.0,318.5259830913841,486.580029967519,1273.7516921581907
442.0,319.6301121001729,488.36671407153545,1278.8392563645687
443.0,320.7357874837182,490.1568307310647,1283.93967694088
444.0,321.8430100147253,491.9503857372078,1289.0529789774153
445.0,322.9517804737397,493.74738488539305,1294.1791875662482
446.0,324.06209964904895,495.54783397533885,1299.3183278019847
447.0,325.173968336651,497.35173881100525,1304.470424782771
448.0,326.2873873401686,499.159105200559,1309.6355036109644
449.0,327.40235747081294,500.9699389563312,1314.813589394066
450.0,328.51887954731393,502.7842458948018,1320.0047072454668
451.0,329.6369543958702,504.60203183654284,1325.2088822853204
452.0,330.75658285007506,506.4233026062,1330.4261396413706
453.0,331.87776575088577,508.2480640324795,1335.6565044497102
454.0,333.00050394653925,510.07632194809645,1340.9000018557322
455.0,334.12479829252345,511.90808218976565,1346.156657014759
456.0,335.250649651505,513.7433505981726,1351.426495092996
457.0,336.3780588932768,515.5821330179975,1356.7095412683138
458.0,337.50702689472024,517.4244352978143,1362.0058207310392
459.0,338.6375545397206,519.2702632901588,1367.315358684725
460.0,339.769642719149,521.1196228514566,1372.6381803470301
461.0,340.90329233078734,522.9725198420589,1377.9743109504393
462.0,342.03850427929,524.8289601261919,1383.3237757431145
463.0,343.175279476116,526.6889495719768,1388.686599989639
464.0,344.31361883949893,528.5524940514235,1394.0628089718666
465.0,345.4535232943867,530.4195994403892,1399.4524279896045
466.0,346.5949937723911,532.2902716186451,1404.855482361468
467.0,347.7380312117416,534.164516469811,1410.2719974256345
468.0,348.8826365572368,536.0423398813799,1415.7019985405998
469.0,350.0288107601926,537.9237477447582,1421.1455110859388
470.0,351.1765547784047,539.808745955191,1426.6025604630986
471.0,352.32586957609277,541.6973404118312,1432.0731720961196
472.0,353.476756123853,543.5895370177197,1437.557371432357
473.0,354.62921539862526,545.4853416798296,1443.055183943278
474.0,355.783248383633,547.384760309016,1448.5666351252075
475.0,356.9388560683417,549.2877988200838,1454.0917504999725
476.0,358.096039448429,551.194463131768,1459.6305556157047
477.0,359.2547995257065,553.1047591667585,1465.183076047581
478.0,360.41513730813045,555.0186928517188,1470.749337398473
479.0,361.577053809707,556.9362701173013,1476.3293652996638
480.0,362.7405500504719,558.8574968981734,1481.9231854115967
481.0,363.9056270564491,560.7823791330143,1487.530823424541
482.0,365.07228585961616,562.7109227645516,1493.1523050592837
483.0,366.24052749784903,564.6431337395879,1498.7876560678494
484.0,367.4103530148773,566.5790180090257,1504.436902234136
485.0,368.581763460276,568.5185815278736,1510.1000693745682
486.0,369.75475988938587,570.4618302552627,1515.7771833388294
487.0,370.92934336330393,572.4087701545442,1521.4682700105038
488.0,372.10551494882753,574.3594071932042,1527.173355307715
489.0,373.2832757184254,576.313747343017,1532.8924651837335
490.0,374.46262675020563,578.2717965799492,1538.6256256277054
491.0,375.64356912785445,580.2335608842901,1544.3728626652219
492.0,376.82610394062664,582.1990462406283,1550.1342023589687
493.0,378.0102322832878,584.1682586379125,1555.909670809304
494.0,379.1959552561072,586.1412040694495,1561.6992941549765
495.0,380.3832739647838,588.1178885329731,1567.5030985736191
496.0,381.57218952044394,590.0983180306818,1573.3211102823716
497.0,382.76270303958177,592.0824985692225,1579.1533555385686
498.0,383.9548156440453,594.070436159791,1584.9998606401953
499.0,385.14852846100183,596.0621368181226,1590.8606519265657
500.0,386.3438426228748,598.0576065645724,1596.7357557788014
501.0,387.54075926735675,600.0568514240862,1602.6251986204636
502.0,388.7392795373366,602.0598774263157,1608.5290069181433
503.0,389.9394045808951,604.0666906056092,1614.4472071818639
504.0,391.14113555125056,606.077297001075,1620.379825965858
505.0,392.3444736067519,608.0917026566204,1626.326889868848
506.0,393.5494199108191,610.1099136209543,1632.2884255347703
507.0,394.75597563195424,612.1319359476873,1638.2644596531854
508.0,395.96414194364877,614.1577756953552,1644.2550189598649
509.0,397.1739200244138,616.1874389274147,1650.260130237239
510.0,398.38531105773677,618.2209317123751,1656.2798203149289
511.0,399.598316232011,620.2582601237641,1662.3141160702557
512.0,400.8129367405641,622.299430240201,1668.3630444287105
513.0,402.0291737816,624.3444481454736,1674.4266323643844
514.0,403.2470285581608,626.3933199284992,1680.5049069005202
515.0,404.46650227813114,628.4460516834697,1686.5978951099444
516.0,405.6875961541857,630.5026495098157,1692.7056241155003
517.0,406.91031140376595,632.5631195123226,1698.8281210905839
518.0,408.134649249072,634.6274678011109,1704.9654132594367
519.0,409.3606109170024,636.6957004917449,1711.1175278977123
520.0,410.5881976391565,638.767823705201,1717.2844923328694
521.0,411.81741065180586,640.8438435680222,1723.46633394458
522.0,413.0482511958583,642.9237662122466,1729.663080165128
523.0,414.28072051683733,645.007597775577,1735.8747584798984
524.0,415.51481986486334,647.0953444013275,1742.1013964276617
525.0,416.7505504946107,649.1870122385266,1748.343021601028
526.0,417.987913665316,651.2826074419376,1754.5996616468756
527.0,419.2269106407226,653.3821361721367,1760.8713442666105
528.0,420.467542689085,655.4856045955202,1767.1580972167108
529.0,421.7098110831161,657.593018884417,1773.4599483088934
530.0,422.95371709999233,659.7043852170893,1779.7769254106058
531.0,424.1992620213043,661.8197097777505,1786.109056445406
532.0,425.446447133072,663.9389987567318,1792.4563693931755
533.0,426.69527372568524,666.0622583503903,1798.818892290579
534.0,427.94574309390435,668.1894947612526,1805.1966532312176
535.0,429.19785653682845,670.3207141980309,1811.5896803662606
536.0,430.45161535787145,672.4559228756991,1817.9980019044804
537.0,431.70702086477473,674.5951270154858,1824.421646112665
538.0,432.96407436953524,676.7383328449762,1830.860641315923
539.0,434.22277718842207,678.8855465981503,1837.3150158980218
540.0,435.4831306419426,681.0367745154334,1843.78479830159
541.0,436.7451360548298,683.1920228437111,1850.2700170284224
542.0,438.00879475601994,685.3512978364378,1856.7707006398805
543.0,439.274108078634,687.5146057536526,1863.2868777569429
544.0,440.54107735995126,689.6819528620015,1869.8185770606742
545.0,441.8097039413996,691.8533454348483,1876.365827292394
546.0,443.07998916854854,694.0287897522996,1882.9286572538726
547.0,444.35193439106155,696.2082921012166,1889.5070958077094
548.0,445.6255409627132,698.3918587753211,1896.1011718774528
549.0,446.9008102413436,700.5794960751981,1902.710914447921
550.0,448.1777435888577,702.7712103083906,1909.3363525653308
551.0,449.4563423711797,704.9670077894135,1915.9775153376304
552.0,450.7366079583021,707.1668948397928,1922.6344319346294
553.0,452.0185417241908,709.3708777881609,1929.3071315882505
554.0,453.30214504681635,711.5789629702631,1935.9956435926977
555.0,454.5874193081357,713.7911567290253,1942.6999973047066
556.0,455.87436589405587,716.0074654145826,1949.4202221436208
557.0,457.16298619443023,718.2278953843733,1956.156347591719
558.0,458.4532816030558,720.4524530031264,1962.9084031943387
559.0,459.74525351762475,722.6811446429367,1969.676418560007
560.0,461.03890333975335,724.9139766833487,1976.4604233606196
561.0,462.334232474923,727.1509555113154,1983.2604473316783
562.0,463.63124233250727,729.3920875213469,1990.0765202723533
563.0,464.9299343257224,731.6373791154467,1996.9086720456185
564.0,466.2303098716302,733.886836703324,2003.75693257857
565.0,467.53237039113526,736.1404667022017,2010.6213318622954
566.0,468.8361173089461,738.3982755370886,2017.5018999522997
567.0,470.1415520535807,740.6602696407188,2024.3986669683118
568.0,471.44867605735,742.9264554535816,2031.311663094755
569.0,472.7574907563358,745.1968394240142,2038.2409185805848
570.0,474.0679975903797,747.4714280082242,2045.1864637395302
571.0,475.38019800309905,749.7502276703275,2052.148328950123
572.0,476.69409344182435,752.0332448824333,2059.1265446560087
573.0,478.0096853576263,754.3204861246107,2066.1211413657725
574.0,479.32697520529456,756.6119578850365,2073.1321496530963
575.0,480.64596444331033,758.9076666599168,2080.159600156955
576.0,481.9666545338573,761.2076189536374,2087.203523581678
577.0,483.28904694279464,763.5118212787526,2094.2639506968967
578.0,484.6131431396615,765.8202801560474,2101.340912337769
579.0,485.93894459763993,768.1330021145448,2108.4344394049867
580.0,487.2664527935616,770.4499936916112,2115.5445628647603
581.0,488.5956692079098,772.7712614329248,2122.6713137490656
582.0,489.9265953247796,775.0968118925596,2129.81472315542
583.0,491.2592326318832,777.4266516330505,2136.974822247212
584.0,492.59358262054064,779.7607872253608,2144.1516422536
585.0,493.92964678566807,782.099225248963,2151.3452144695966
586.0,495.2674266257656,784.4419722919203,2158.5555702560696
587.0,496.6069236429001,786.7890349508552,2165.7827410396626
588.0,497.94813934271906,789.1404198310181,2173.0267583131854
589.0,499.2910752344172,791.4961335463331,2180.287653635233
590.0,500.63573283073686,793.8561827194418,2187.565458630413
591.0,501.98211364795526,796.2205739816894,2194.860204989251
592.0,503.33021920588817,798.5893139732417,2202.1719244683536
593.0,504.6800510278492,800.9624093430517,2209.5006488903987
594.0,506.0316106406926,803.3398667489474,2216.846410143802
595.0,507.3848995747381,805.7216928576663,2224.2092401832065
596.0,508.73991936382816,808.1078943448224,2231.5891710291553
597.0,510.09667154528466,810.4984778950193,2238.9862347682265
598.0,511.45515765989825,812.893450201878,2246.4004635529413
599.0,512.8153792519088,815.2928179680334,2253.8318896017263
600.0,514.1773378690775,817.6965879051899,2261.280545199012
601.0,515.5410350625641,820.104766734146,2268.746462695079
602.0,516.9064723869782,822.5173611848477,2276.229674506148
603.0,518.2736514003709,824.9343779963965,2283.7302131142283
604.0,519.6425736642441,827.3558239171502,2291.2481110672215
605.0,521.0132407434938,829.7817057045971,2298.7834009787043
606.0,522.3856542064443,832.2120301256122,2306.3361155280923
607.0,523.7598156248229,834.6468039562884,2313.9062874604056
608.0,525.1357265737425,837.0860339820822,2321.4939495863273
609.0,526.5133886317549,839.5297269978058,2329.099134782212
610.0,527.8928033807565,841.9778898076712,2336.721875989785
611.0,529.2739724060256,844.4305292252828,2344.362206216466
612.0,530.6568972962198,846.8876520737435,2352.0201585348905
613.0,532.0415796433794,849.3492651856304,2359.695766083259
614.0,533.4280210428897,851.8153754030031,2367.389062064855
615.0,534.8162230934739,854.2859895774817,2375.1000797482875
616.0,536.2061873972373,856.7611145702665,2382.8288524673085
617.0,537.5979155595904,859.2407572521357,2390.5754136207775
618.0,538.9914091893161,861.7249245035,2398.339796672518
619.0,540.3866698984936,864.2136232144121,2406.122035151184
620.0,541.7836993025446,866.7068602846268,2413.9221626504345
621.0,543.1824990201944,869.2046426235802,2421.7402128285516
622.0,544.5830706734819,871.7069771504641,2429.5762194085546
623.0,545.985415887763,874.2138707942158,2437.4302161779938
624.0,547.3895362916929,876.7253304935301,2445.3022369888936
625.0,548.7954335172125,879.2413631969378,2453.192315757694
626.0,550.2031091995433,881.7619758628206,2461.100486465093
627.0,551.6125649772265,884.2871754593524,2469.0267831559936
628.0,553.0238024920467,886.8169689646394,2476.971239939391
629.0,554.4368233890654,889.3513633666915,2484.933890988152
630.0,555.8516293166466,891.890365663399,2492.9147705392397
631.0,557.2682219263872,894.4339828626398,2500.9139128931097
632.0,558.6866028731273,896.9822219822479,2508.9313524142267
633.0,560.1067738150185,899.5350900500558,2516.967123530173
634.0,561.5287364134019,902.0925941038935,2525.021260732288
635.0,562.9524923329028,904.6547411916417,2533.0937985751066
636.0,564.3780432413623,907.2215383712327,2541.184771676318
637.0,565.8053908098781,909.7929927106582,2549.2942147167514
638.0,567.2345367127513,912.3691112880366,2557.4221624400707
639.0,568.665482627541,914.9499011915526,2565.568649652932
640.0,570.0982302350185,917.5353695195697,2573.73371122459
641.0,571.5327812191583,920.1255233805679,2581.91738208687
642.0,572.969137267158,922.720369893244,2590.1196972341386
643.0,574.4073000694397,925.3199161864092,2598.3406917228917
644.0,575.847271319593,927.9241693991597,2606.58040067193
645.0,577.2890527144484,930.5331366807438,2614.838859262087
646.0,578.7326459540249,933.1468251907246,2623.1161027361977
647.0,580.1780527415153,935.7652420988517,2631.4121663985793
648.0,581.6252747833164,938.388394585163,2639.7270856154987
649.0,583.0743137890154,941.0162898400318,2648.0608958145745
650.0,584.5251714713711,943.6489350640636,2656.413632484849
651.0,585.9778495463383,946.2863374682279,2664.7853311764466
652.0,587.4323497330167,948.9285042738295,2673.176027500673
653.0,588.8886737537105,951.5754427124937,2681.5857571297297
654.0,590.3468233338509,954.2271600262035,2690.014555796632
655.0,591.8068002020772,956.8836634673675,2698.4624592949262
656.0,593.2686060901701,959.5449602987337,2706.9295034788083
657.0,594.732242733043,962.2110577934275,2715.415724262639
658.0,596.1977118688164,964.88196323507,2723.9211576209914
659.0,597.665015238704,967.5576839176399,2732.4458395885467
660.0,599.1341545871132,970.2382271455824,2740.9898062598054
661.0,600.6051316615735,972.9236002337907,2749.55309378905
662.0,602.0779482127596,975.6138105075747,2758.135738390043
663.0,603.5526059944456,978.3088653028025,2766.737776336099
664.0,605.0291067636311,981.0087719657347,2775.3592439596077
665.0,606.5074522803692,983.7135378531849,2784.0001776522113
666.0,607.9876443078505,986.4231703324215,2792.660613864539
667.0,609.4696846123993,989.1376767812754,2801.3405891056705
668.0,610.9535749634927,991.8570645880263,2810.040139943859
669.0,612.4393171336816,994.5813411515618,2818.759303005368
670.0,613.9269128986604,997.3105138812667,2827.498114974887
671.0,615.4163640372212,1000.0445901970762,2836.2566125953745
672.0,616.9076723312917,1002.7835775294478,2845.034832667716
673.0,618.4008395658735,1005.5274833194736,2853.8328120504875
674.0,619.8958675290899,1008.2763150187474,2862.650587660106
675.0,621.3927580121936,1011.0300800894636,2871.4881964704155
676.0,622.8915128094741,1013.7887860044225,2880.345675512557
677.0,624.3921337183681,1016.5524402469606,2889.223061874863
678.0,625.8946225393923,1019.3210503110472,2898.120392702726
679.0,627.3989810761518,1022.0946237012494,2907.037705198294
680.0,628.905211135362,1024.8731679326947,2915.9750366203143
681.0,630.4133145267926,1027.6566905312204,2924.9324242842904
682.0,631.9232930633129,1030.445199033224,2933.9099055618885
683.0,633.4351485608695,1033.238700985692,2942.907517880898
684.0,634.948882838505,1036.0372039462743,2951.9252987252794
685.0,636.4644977182999,1038.8407154832498,2960.9632856346584
686.0,637.9819950254631,1041.649243175529,2970.021516204568
687.0,639.5013765882185,1044.4627946126222,2979.100028085683
688.0,641.022644237904,1047.2813773947319,2988.1988589844477
689.0,642.5457998088949,1050.1049991326984,2997.3180466621147
690.0,644.0708451386456,1052.9336674479634,3006.457628935188
691.0,645.5977820676941,1055.7673899726758,3015.6176436748196
692.0,647.1266124395785,1058.6061743495686,3024.7981288068504
693.0,648.6573381009347,1061.4500282321203,3033.9991223119305
694.0,650.1899609014706,1064.2989592843512,3043.220662224434
695.0,651.7244826939061,1067.152975181009,3052.4627866335613
696.0,653.2609053340421,1070.0120836074948,3061.725533681993
697.0,654.7992306807222,1072.876292259849,3071.008941566471
698.0,656.3394605958072,1075.7456088447523,3080.313048537415
699.0,657.8815969442462,1078.6200410795989,3089.637892898573
700.0,659.4256415940234,1081.499596692389,3098.983513007198
701.0,660.9715964161223,1084.3842834218578,3108.349947273409
702.0,662.5194632845992,1087.2741090172435,3117.737234160859
703.0,664.069244076552,1090.1690812386132,3127.1454121854044
704.0,665.6209406721005,1093.0692078565899,3136.5745199158737
705.0,667.174554954385,1095.9744966524825,3146.024595973547
706.0,668.7300888095712,1098.8849554182714,3155.495679031928
707.0,670.2875441268789,1101.8005919566042,3164.987807816814
708.0,671.84692279854,1104.7214140806625,3174.5010211058375
709.0,673.4082267198095,1107.6474296144356,3184.0353577286196
710.0,674.971457788963,1110.5786463924446,3193.5908565661043
711.0,676.5366179073006,1113.5150722599499,3203.167556551256
712.0,678.1037089791079,1116.456715072718,3212.7654966677324
713.0,679.672732911753,1119.4035826973216,3222.3847159508246
714.0,681.2436916155438,1122.3556830108914,3232.0252534866704
715.0,682.8165870038551,1125.3130239011311,3241.6871484120893
716.0,684.391420993018,1128.2756132664433,3251.3704399148196
717.0,685.9681955024176,1131.2434590159012,3261.0751672328865
718.0,687.5469124544499,1134.2165690691113,3270.80136965467
719.0,689.1275737744386,1137.1949513563295,3280.5490865188544
720.0,690.7101813907977,1140.178613818408,3290.3183572140483
721.0,692.2947372348893,1143.1675644069085,3300.109221178681
722.0,693.881243241093,1146.1618110838178,3309.921717900966
723.0,695.4697013467909,1149.1613618219426,3319.7558869184854
724.0,697.0601134923156,1152.1662246044937,3329.6117678184078
725.0,698.6524816210555,1155.1764074253858,3339.4894002368806
726.0,700.2468076793327,1158.1919182890679,3349.3888238593204
727.0,701.8430936164739,1161.2127652106024,3359.310078419694
728.0,703.4413413848182,1164.2389562155915,3369.253203701167
729.0,705.041552939664,1167.2704993402403,3379.21823953515
730.0,706.6437302392889,1170.307402631256,3389.2052258014933
731.0,708.247875244951,1173.3496741460333,3399.2142024283185
732.0,709.8539899209136,1176.3973219523461,3409.2452093920924
733.0,711.4620762343937,1179.4503541286742,3419.2982867168894
734.0,713.0721361555686,1182.5087787639172,3429.373474474671
735.0,714.6841716576342,1185.572603957522,3439.4708127852546
736.0,716.2981847167175,1188.6418378195483,3449.5903418156995
737.0,717.914177311908,1191.716488470457,3459.7321017805066
738.0,719.5321514253062,1194.7965640412651,3469.8961329412186
739.0,721.1521090419388,1197.8820726735648,3480.0824756066327
740.0,722.7740521498266,1200.9730225193139,3490.291170132271
741.0,724.3979827399322,1204.0694217410482,3500.522256920441
742.0,726.0239028061618,1207.1712785117263,3510.77577642003
743.0,727.6518143454443,1210.278601014843,3521.0517691263076
744.0,729.2817193575693,1213.3913974442557,3531.3502755809486
745.0,730.9136198453587,1216.5096760044264,3541.671336371548
746.0,732.5475178145609,1219.6334449100955,3552.014992131962
747.0,734.1834152738985,1222.7627123865989,3562.381283541717
748.0,735.821314234971,1225.8974866695496,3572.7702513260288
749.0,737.4612167124117,1229.0377760050708,3583.1819362558654
750.0,739.1031247237538,1232.1835886497631,3593.616379147295
751.0,740.7470402894598,1235.3349328704508,3604.0736208618823
752.0,742.3929654329836,1238.4918169445104,3614.5537023062993
753.0,744.0409021806792,1241.654249159657,3625.0566644322485
754.0,745.690852561859,1244.8222378139076,3635.5825482359455
755.0,747.3428186087555,1247.9957912157827,3646.1313947588324
756.0,748.9968023565383,1251.1749176840422,3656.703245086581
757.0,750.6528058433256,1254.359625547876,3667.2981403494528
758.0,752.3108311101545,1257.5499231467043,3677.916121721743
759.0,753.9708802009803,1260.7458188304188,3688.5572304222314
760.0,755.632955162718,1263.9473209591035,3699.221507713544
761.0,757.297058045173,1267.1544379032268,3709.9089949022723
762.0,758.9631909010697,1270.3671780434443,3720.619733338735
763.0,760.6313557861148,1273.5855497709533,3731.3537644168173
764.0,762.3015547588427,1276.809561486912,3742.1111295739074
765.0,763.9737898807969,1280.0392216029243,3752.891870291016
766.0,765.6480632163735,1283.2745385408039,3763.6960280919843
767.0,767.3243768328965,1286.5155207326768,3774.523644543926
768.0,769.0027328006288,1289.7621766207894,3785.374761257033
769.0,770.683133192712,1293.0145146577065,3796.2494198842014
770.0,772.3655800852121,1296.272543306132,3807.147662121183
771.0,774.0500755571162,1299.536271039096,3818.0695297059815
772.0,775.7366216902692,1302.8057063396298,3829.0150644196397
773.0,777.425220569461,1306.0808577011055,3839.9843080851106
774.0,779.115874282382,1309.3617336270077,3850.977302567588
775.0,780.808584919589,1312.6483426309449,3861.9940897746537
776.0,782.5033545745788,1315.9406932367892,3873.034711655536
777.0,784.2001853437062,1319.238793978365,3884.099210201531
778.0,785.8990793262301,1322.542653399799,3895.1876274456795
779.0,787.6000386243381,1325.8522800552041,3906.300005462446
780.0,789.3030653430499,1329.1676825088862,3917.436386368104
781.0,791.0081615903036,1332.4888693351527,3928.5968123199455
782.0,792.7153294769322,1335.8158491184843,3939.781325516917
783.0,794.4245711166276,1339.1486304533073,3950.9899681988327
784.0,796.1358886259808,1342.487221944254,3962.2227826465637
785.0,797.8492841244685,1345.8316322058715,3973.479811182233
786.0,799.5647597344421,1349.1818698627892,3984.761096168351
787.0,801.2823175811025,1352.5379435496272,3996.0666800084823
788.0,803.0019597925765,1355.8998619110794,4007.396605146576
789.0,804.7236884997986,1359.2676336017257,4018.7509140671714
790.0,806.4475058366498,1362.6412672862668,4030.129649295078
791.0,808.1734139398272,1366.0207716392567,4041.5328533955467
792.0,809.9014149489028,1369.4061553452566,4052.9605689738564
793.0,811.6315110063218,1372.797427098755,4064.412838675308
794.0,813.3637042574129,1376.1945956041923,4075.8897051853774
795.0,815.097996850345,1379.597669575887,4087.391211229176
796.0,816.8343909360922,1383.006657738212,4098.917399571303
797.0,818.5728886686151,1386.4215688252107,4110.468313016973
798.0,820.3134922046122,1389.8424115809814,4122.043994410275
799.0,822.0562037036884,1393.2691947594433,4133.64448663444
800.0,823.8010253283132,1396.7019271243248,4145.269832612701
801.0,825.5479592437395,1400.1406174493573,4156.920075307108
802.0,827.2970076181541,1403.5852745178647,4168.5952577191465
803.0,829.048172622546,1407.035907123215,4180.295422889109
804.0,830.8014564307298,1410.4925240684697,4192.020613896187
805.0,832.556861219375,1413.9551341665085,4203.7708738590045
806.0,834.3143891680479,1417.4237462400263,4215.546245934367
807.0,836.0740424590588,1420.8983691214576,4227.346773317954
808.0,837.8358232776366,1424.3790116529906,4239.1724992440895
809.0,839.5997338117938,1427.8656826865945,4251.023466985683
810.0,841.3657762523708,1431.3583910838995,4262.899719853938
811.0,843.1339527930807,1434.8571457163537,4274.8013011983185
812.0,844.9042656304372,1438.3619554650795,4286.72825440651
813.0,846.6767169637777,1441.8728292208443,4298.680622904627
814.0,848.4513089952693,1445.3897758841554,4310.658450156518
815.0,850.2280439299068,1448.9128043651706,4322.6617796641385
816.0,852.006923975514,1452.4419235836904,4334.690654967863
817.0,853.7879513427205,1455.9771424691878,4346.745119644648
818.0,855.571128244942,1459.5184699607532,4358.825217310521
819.0,857.3564568984573,1463.0659150071253,4370.930991618323
820.0,859.1439395223449,1466.6194865665925,4383.062486258534
821.0,860.9335783384972,1470.179193607039,4395.219744959576
822.0,862.7253755715877,1473.7450451059954,4407.402811486792
823.0,864.5193334491183,1477.3170500504928,4419.611729643344
824.0,866.315454201406,1480.8952174371946,4431.846543269164
825.0,868.1137400615083,1484.4795562721636,4444.107296241683
826.0,869.9141932653956,1488.0700755712023,4456.39403247538
827.0,871.7168160517286,1491.6667843593857,4468.706795921629
828.0,873.5216106620248,1495.2696916715315,4481.0456305689695
829.0,875.3285793405644,1498.8788065518138,4493.410580442982
830.0,877.1377243344464,1502.494138053842,4505.801689605575
831.0,878.9490478935252,1506.1156952408164,4518.219002155693
832.0,880.7625522704823,1509.7434871853166,4530.66256222903
833.0,882.5782397207671,1513.3775229693736,4543.13241399764
834.0,884.3961125026033,1517.017811684414,4555.6286016706035
835.0,886.2161728770241,1520.664362431393,4568.151169493154
836.0,888.0384231077957,1524.3171843204855,4580.700161746904
837.0,889.8628654615311,1527.9762864714576,4593.275622749671
838.0,891.6895022075469,1531.6416780132915,4605.877596855808
839.0,893.5183356179683,1535.3133680843991,4618.506128456272
840.0,895.3493679676992,1538.9913658325636,4631.161261977593
841.0,897.1826015343943,1542.675680414849,4643.843041882398
842.0,899.0180385984916,1546.3663209977044,4656.55151266982
843.0,900.8556814431695,1550.0632967568695,4669.286718874328
844.0,902.6955323544368,1553.7666168773665,4682.0487050670545
845.0,904.5375936209468,1557.4762905534901,4694.837515854375
846.0,906.3818675342278,1561.1923269888778,4707.65319587895
847.0,908.2283563884918,1564.9147353964534,4720.495789818982
848.0,910.0770624807349,1568.6435249981853,4733.365342388476
849.0,911.9279881107132,1572.3787050255253,4746.261898336469
850.0,913.7811355809049,1576.1202847190445,4759.185502448586
851.0,915.6365071965754,1579.8682733285011,4772.136199545408
852.0,917.4941052656922,1583.6226801129078,4785.114034483105
853.0,919.3539320989966,1587.3835143404744,4798.119052153333
854.0,921.2159900099615,1591.1507852885018,4811.151297483033
855.0,923.0802813148155,1594.924502243592,4824.210815434784
856.0,924.9468083325111,1598.7046745013456,4837.2976510058015
857.0,926.8155733847351,1602.4913113666148,4850.411849229285
858.0,928.6865787959164,1606.284422153269,4863.55345517326
859.0,930.559826893179,1610.0840161844621,4876.722513940773
860.0,932.4353200064793,1613.8901027922955,4889.919070670644
861.0,934.3130604683748,1617.7026913180466,4903.14317053591
862.0,936.1930506142236,1621.5217911120546,4916.394858745141
863.0,938.0752927820985,1625.3474115336473,4929.674180541603
864.0,939.9597893127453,1629.1795619512977,4942.981181203712
865.0,941.8465425496995,1633.0182517425592,4956.315906044806
866.0,943.7355548391953,1636.8634902939123,4969.678400412962
867.0,945.6268285301225,1640.7152870008913,4983.068709690916
868.0,947.5203659741632,1644.5736512680887,4996.4868792966345
869.0,949.4161695256547,1648.438592508954,5009.932954682321
870.0,951.3142415416745,1652.3101201461682,5023.406981335348
871.0,953.2145843820111,1656.1882436110338,5036.909004777427
872.0,955.1172004090967,1660.0729723442387,5050.4390705647575
873.0,957.0220919881446,1663.96431579498,5063.99722428875
874.0,958.9292614870171,1667.8622834216885,5077.583511574642
875.0,960.8387112763182,1671.766884691685,5091.197978083029
876.0,962.7504437292839,1675.6781290811218,5104.840669508066
877.0,964.6644612219026,1679.5960260750326,5118.5116315791565
878.0,966.5807661328344,1683.520585167454,5132.210910059709
879.0,968.4993608433905,1687.4518158611754,5145.938550747883
880.0,970.4202477376492,1691.3897276680036,5159.694599475558
881.0,972.3434292023104,1695.3343301084815,5173.479102109673
882.0,974.2689076267591,1699.2856327120096,5187.2921045512485
883.0,976.1966854030811,1703.243645016922,5201.133652735822
884.0,978.1267649260393,1707.2083765701827,5215.003792632263
885.0,980.059148593098,1711.1798369277697,5228.902570244772
886.0,981.9938388043262,1715.1580356543852,5242.830031611491
887.0,983.9308379625255,1719.1429823234605,5256.786222804149
888.0,985.8701484731623,1723.1346865173173,5270.77118992978
889.0,987.8117727443258,1727.1331578269223,5284.78497912828
890.0,989.7557131868243,1731.1384058521146,5298.827636574526
891.0,991.7019722140794,1735.1504402013882,5312.8992084774045
892.0,993.6505522422331,1739.169270492008,5326.999741079706
893.0,995.6014556900633,1743.1949063500688,5341.129280657994
894.0,997.5546849789582,1747.2273574101166,5355.287873523577
895.0,999.5102425330058,1751.2666333156278,5369.475566021221
896.0,1001.4681307789455,1755.312743718769,5383.692404529782
897.0,1003.4283521461731,1759.3656982802286,5397.938435462702
898.0,1005.3909090667197,1763.4255066694757,5412.2137052661765
899.0,1007.3558039752744,1767.4921785647418,5426.518260421661
900.0,1009.3230393090946,1771.565723652608,5440.852147443686
901.0,1011.2926175082387,1775.6461516286145,5455.215412880997
902.0,1013.2645410152656,1779.7334721967218,5469.608103316263
903.0,1015.2388122754095,1783.8276950696459,5484.0302653661765
904.0,1017.2154337365906,1787.9288299686013,5498.481945681182
905.0,1019.194407849261,1792.0368866234583,5512.963190945368
906.0,1021.175737066602,1796.1518747726925,5527.47404787713
907.0,1023.1594238443877,1800.2738041633038,5542.014563228314
908.0,1025.145470640856,1804.4026845509102,5556.584783784937
909.0,1027.1338799173304,1808.5385256996913,5571.184756366635
910.0,1029.1246541372889,1812.6813373823,5585.81452782691
911.0,1031.1177957670852,1816.831129380095,5600.474145053113
912.0,1033.1133072755038,1820.9879114827465,5615.163654966242
913.0,1035.1111911340304,1825.1516934886113,5629.88310452167
914.0,1037.1114498169118,1829.322485204417,5644.632540707585
915.0,1039.1140858007518,1833.5002964456041,5659.412010546887
916.0,1041.119101564924,1837.685137035843,5674.221561095913
917.0,1043.1264995914303,1841.8770168075098,5689.061239444414
918.0,1045.136282364806,1846.0759456013311,5703.9310927163915
919.0,1047.148452372147,1850.2819332665595,5718.831168069701
920.0,1049.163012103225,1854.4949896607723,5733.761512695394
921.0,1051.1799640504303,1858.7151246501935,5748.722173818734
922.0,1053.199310708699,1862.942348109344,5763.713198698667
923.0,1055.2210545755845,1867.1766699212076,5778.734634627864
924.0,1057.2451981512088,1871.4180999771318,5793.786528932582
925.0,1059.2717439383673,1875.6666481769698,5808.868928973328
926.0,1061.3006944422862,1879.9223244289537,5823.981882143984
927.0,1063.332052170938,1884.1851386495925,5839.125435872032
928.0,1065.3658196347544,1888.4551007639657,5854.299637619133
929.0,1067.4019993468798,1892.7322207053435,5869.504534880395
930.0,1069.4405938229315,1897.0165084154505,5884.740175184926
931.0,1071.4816055811696,1901.3079738444292,5900.006606095417
932.0,1073.525037142344,1905.6066269506084,5915.303875208655
933.0,1075.5708910298702,1909.9124777007873,5930.632030154513
934.0,1077.6191697697564,1914.2255360700806,5945.991118597427
935.0,1079.6698758904715,1918.5458120418232,5961.381188235438
936.0,1081.723011923074,1922.8733156078072,5976.802286799415
937.0,1083.7785804012315,1927.208056767971,5992.254462055735
938.0,1085.83658386123,1931.5500455307579,6007.737761803305
939.0,1087.8970248418102,1935.8992919126442,6023.252233875221
940.0,1089.9599058843185,1940.2558059386333,6038.797926138356
941.0,1092.0252295326186,1944.6195976418148,6054.374886493482
942.0,1094.0929983332298,1948.990677063645,6069.983162875403
943.0,1096.163214835096,1953.3690542538427,6085.622803252149
944.0,1098.2358815897855,1957.75473927028,6101.29385562635
945.0,1100.31100115141,1962.1477421791487,6116.9963680337205
946.0,1102.388576076659,1966.5480730548293,6132.730388544701
947.0,1104.4686089246825,1970.9557419800406,6148.49596526292
948.0,1106.5511022572468,1975.3707590455933,6164.293146326254
949.0,1108.6360586386152,1979.7931343505,6180.121979906357
950.0,1110.723480635608,1984.2228780020362,6195.982514208869
951.0,1112.8133708175887,1988.660000115679,6211.874797473214
952.0,1114.905731756436,1993.104510815086,6227.798877973256
953.0,1117.0005660266213,1997.5564202320681,6243.754804015971
954.0,1119.097876204998,2002.0157385065695,6259.742623943175
955.0,1121.1976648711309,2006.4824757868355,6275.76238612997
956.0,1123.2999346070044,2010.9566422291987,6291.8141389861485
957.0,1125.4046879971145,2015.4382479979909,6307.897930955138
958.0,1127.51192762857,2019.927303266047,6324.013810514032
959.0,1129.6216560909575,2024.4238182139416,6340.161826174688
960.0,1131.73387597631,2028.927803030643,6356.342026482484
961.0,1133.8485898792028,2033.439267913151,6372.554460017322
962.0,1135.965800396838,2037.958223066626,6388.799175392759
963.0,1138.085510128863,2042.484678704236,6405.07622125691
964.0,1140.2077216773375,2047.0186450473389,6421.385646291729
965.0,1142.3324376469543,2051.560132324982,6437.72749921335
966.0,1144.4596606448763,2056.109150775517,6454.101828772171
967.0,1146.589393280787,2060.665710644232,6470.508683752584
968.0,1148.7216381667804,2065.229822184654,6486.948112973893
969.0,1150.8563979175874,2069.8014956586258,6503.420165288659
970.0,1152.9936751503042,2074.3807413359705,6519.924889584246
971.0,1155.1334724846822,2078.967569494651,6536.4623347822135
972.0,1157.2757925427757,2083.5619904205028,6553.032549838591
973.0,1159.4206379493376,2088.164014407606,6569.6355837429965
974.0,1161.5680113313556,2092.773651757879,6586.27148552025
975.0,1163.7179153185664,2097.3909127814622,6602.940304229486
976.0,1165.8703525430574,2102.015807796342,6619.642088963823
977.0,1168.0253256393755,2106.6483471289084,6636.376888850637
978.0,1170.182837244686,2111.2885411128577,6653.144753052228
979.0,1172.3428899984171,2115.9364000907217,6669.945730765054
980.0,1174.5054865426832,2120.591934412376,6686.7798712202075
981.0,1176.6706295220058,2125.2551544361963,6703.647223683262
982.0,1178.8383215832948,2129.9260705281454,6720.547837454102
983.0,1181.0085653760607,2134.604693062376,6737.481761867404
984.0,1183.181363552237,2139.2910324210916,6754.449046292435
985.0,1185.3567187661984,2143.985098994283,6771.449740132896
986.0,1187.534633674808,2148.6869031800907,6788.483892827614
987.0,1189.7151109373947,2153.3964553844476,6805.551553848882
988.0,1191.8981532157377,2158.1137660214504,6822.65277270499
989.0,1194.083763174113,2162.8388455129566,6839.787598938594
990.0,1196.271943479186,2167.5717042889323,6856.9560821265895
991.0,1198.462696800153,2172.312352787176,6874.158271880925
992.0,1200.6560258086618,2177.060801453495,6891.39421784834
993.0,1202.8519331787322,2181.817060741594,6908.663969710881
994.0,1205.050421586914,2186.581141113108,6925.967577184822
995.0,1207.2514937122187,2191.353053037674,6943.305090020999
996.0,1209.4551522359932,2196.1328069927595,6960.676558006165
997.0,1211.6613998421587,2200.9204134638553,6978.082030961518
998.0,1213.8702392169905,2205.7158829442674,6995.521558742886
999.0,1216.0816730492961,2210.5192259351825,7012.995191241643
1000.0,1218.2957040302683,2215.3304529457,7030.502978383879
